{
    "left_handle": {
        "type": "Box",
        "parameter": {
            "reference_point": [
                280.5,
                0,
                0
            ],
            "l_w_h": [
                47.029940119760475,
                561,
                508.65508942701047
            ]
        }
    },
    "right_handle": {
        "type": "Box",
        "parameter": {
            "reference_point": [
                -280.5,
                0,
                0
            ],
            "l_w_h": [
                47.029940119760475,
                561,
                508.65508942701047
            ]
        }
    },
    "bottom": {
        "type": "Box",
        "parameter": {
            "reference_point": [
                0,
                0,
                21.38698156322181
            ],
            "l_w_h": [
                513.9700598802395,
                561,
                551.4290525534541
            ]
        }
    },
    "cushion": {
        "type": "Box",
        "parameter": {
            "reference_point": [
                0,
                256.9850299401198,
                494.44194971641775
            ],
            "l_w_h": [
                513.9700598802395,
                47.029940119760475,
                394.6808837529378
            ]
        }
    },
    "leg1": {
        "type": "Cylinder",
        "parameter": {
            "reference_point": [
                280.5,
                257.5,
                -472.3413057470693
            ],
            "height": 218.01376103356412,
            "radius": 11.5,
            "cap": true
        }
    },
    "leg2": {
        "type": "Cylinder",
        "parameter": {
            "reference_point": [
                -280.5,
                257.5,
                -472.3413057470693
            ],
            "height": 218.01376103356412,
            "radius": 11.5,
            "cap": true
        }
    },
    "leg3": {
        "type": "Cylinder",
        "parameter": {
            "reference_point": [
                280.5,
                -257.5,
                -472.3413057470693
            ],
            "height": 218.01376103356412,
            "radius": 11.5,
            "cap": true
        }
    },
    "leg4": {
        "type": "Cylinder",
        "parameter": {
            "reference_point": [
                -280.5,
                -257.5,
                -472.3413057470693
            ],
            "height": 218.01376103356412,
            "radius": 11.5,
            "cap": true
        }
    }
}